<?xml version="1.0" encoding="utf-8"?>
<Defs>

<ThingDef ParentName="BuildingBase">
    <defName>USInsectFoamPopper</defName>
    <label>Insect foam popper</label>
    <description>When it detects a hive it sprays insect killer foam in a circular field around itself. Can also be triggered manually.</description>
    <graphicData>
      <texPath>Things/Building/Misc/USInsectFoamPopper</texPath>
      <graphicClass>Graphic_Single</graphicClass>
      <shadowData>
        <volume>(0.25, 0.35, 0.25)</volume>
        <offset>(0,0,-0.1)</offset>
      </shadowData>
      <damageData>
        <rect>(0.2,0.2,0.6,0.6)</rect>
      </damageData>
    </graphicData>
    <comps>
      <li Class="CompProperties_Explosive">
        <explosiveRadius>9.9</explosiveRadius>
        <explosiveDamageType>Dam_USInsectKill</explosiveDamageType>
        <startWickHitPointsPercent>-1</startWickHitPointsPercent>
        <startWickOnDamageTaken>
			<li>Flame</li>
		</startWickOnDamageTaken>
        <postExplosionSpawnThingDef>Filth_USInsectKillFoam</postExplosionSpawnThingDef>
        <postExplosionSpawnChance>1</postExplosionSpawnChance>
        <postExplosionSpawnThingCount>3</postExplosionSpawnThingCount>
        <applyDamageToExplosionCellsNeighbors>true</applyDamageToExplosionCellsNeighbors>
        <explosionEffect>ExtinguisherExplosion</explosionEffect>
      </li>
      <li Class="CompProperties_Usable">
        <useJob>TriggerFirefoamPopper</useJob>
        <useLabel>Trigger firefoam popper</useLabel>
      </li>
      <li Class="CompProperties_UseEffect">
        <compClass>CompUseEffect_StartWick</compClass>
      </li>
      <li Class="CompProperties_ProximityFuse">
        <target>Hive</target>
        <radius>10</radius>
      </li>
    </comps>
    <tickerType>Normal</tickerType>
    <altitudeLayer>Building</altitudeLayer>
    <minifiedDef>MinifiedThing</minifiedDef>
    <thingCategories>
      <li>BuildingsMisc</li>
    </thingCategories>
    <statBases>
      <MaxHitPoints>75</MaxHitPoints>
      <WorkToBuild>1500</WorkToBuild>
      <Mass>12</Mass>
      <Flammability>1.0</Flammability>
      <Beauty>-8</Beauty>
    </statBases>
    <fillPercent>0.30</fillPercent>
    <costList>
      <Steel>100</Steel>
      <ComponentIndustrial>1</ComponentIndustrial>
	  <USInsectKillLiquid>2</USInsectKillLiquid>
    </costList>
    <specialDisplayRadius>9.9</specialDisplayRadius>
    <leaveResourcesWhenKilled>false</leaveResourcesWhenKilled>
    <pathCost>25</pathCost>
    <designationCategory>Misc</designationCategory>
    <rotatable>false</rotatable>
    <designationHotKey>Misc7</designationHotKey>
    <researchPrerequisites>
      <li>Firefoam</li>
	  <li>USInsectKill</li>
    </researchPrerequisites>
    <constructionSkillPrerequisite>6</constructionSkillPrerequisite>
  </ThingDef>

</Defs>
