<?xml version="1.0" encoding="utf-8" ?>
<Defs>
  
  <!-- ======================== Stinkroot  ==================================== -->
  
	<!-- === Plant === -->
	
  	<ThingDef ParentName="PlantBase">
		<defName>Plant_USStinkroot</defName>
		<label>Stinkroot</label>
		<description>A genetically modified flower that gives off an awful smell. This flower uses a toxic gas defence mechanism in an attempt to defend it's territory.</description>
		<statBases>
			<MaxHitPoints>90</MaxHitPoints>
			<Nutrition>0.01</Nutrition>
			<Beauty>-5</Beauty>
			<Flammability>0.3</Flammability>
    	</statBases>
		<selectable>true</selectable>
		<pathCost>15</pathCost>
		<graphicData>
			<texPath>Things/Plant/USStinkroot</texPath>
			<graphicClass>Graphic_Random</graphicClass>
		</graphicData>
		<altitudeLayer>Item</altitudeLayer>
		<hideAtSnowDepth>0.3</hideAtSnowDepth>
		<ingestible />
		<plant>
			<fertilitySensitivity>0.65</fertilitySensitivity>
			<growDays>7</growDays>
			<dieIfLeafless>true</dieIfLeafless>
			<harvestTag>Standard</harvestTag>
			<harvestedThingDef>USStinkrootLeaves</harvestedThingDef>
			<harvestYield>3</harvestYield>
			<sowMinSkill>8</sowMinSkill>
			<sowTags>
				<li>Ground</li>
			</sowTags>
			<harvestWork>120</harvestWork>
			<visualSizeRange Inherit="false">
				<min>0.3</min>
				<max>0.90</max>
			</visualSizeRange>
			<topWindExposure>0.2</topWindExposure>
			<wildOrder>2</wildOrder>
			<!-- <purpose>Beauty</purpose> -->
			<neverBlightable>true</neverBlightable>
			<sowResearchPrerequisites>
        			<li>USStinkroot</li>
      		</sowResearchPrerequisites>
		</plant>
		<!-- <thingClass>USToxins.USStinkroot</thingClass> -->
	</ThingDef>
	
	<!-- === Petals === -->
  
    <ThingDef ParentName="RoughPlantBase">
    	<defName>USStinkrootLeaves</defName>
    	<label>Stinkroot leaves</label>
    	<description>Harvested leaves of the stinkroot flower. These leaves are extremely toxic.</description>
    	<graphicData>
      		<texPath>Things/Item/Resource/Raw/USStinkrootLeaves/USStinkrootLeaves</texPath>
	  		<graphicClass>Graphic_Single</graphicClass>
    	</graphicData>
    	<statBases>
      		<MarketValue>1.6</MarketValue>
      		<Flammability>0.3</Flammability>
	  		<FoodPoisonChanceFixedHuman>0.5</FoodPoisonChanceFixedHuman>
	  		<Nutrition>0.01</Nutrition>
    	</statBases>
    	<comps>
      		<li Class="CompProperties_Rottable">
        		<daysToRotStart>10</daysToRotStart>
        		<rotDestroys>true</rotDestroys>
      		</li>
    	</comps>
    	<thingCategories>
      		<li>PlantMatter</li>
    	</thingCategories>
    	<ingestible>
      		<preferability>DesperateOnly</preferability>
    	</ingestible>
  	</ThingDef>
  
  	<!-- Gas -->
  
  	<ThingDef ParentName="BaseGas">
    	<defName>Gas_USStinkroot</defName>
    	<label>Stinkroot Gas</label>
    	<graphicData>
      		<texPath>Things/Gas/Puff</texPath>
      		<drawSize>1.8</drawSize>
      		<color>(0.91,0.23,0.19,0.5)</color>
    	</graphicData>
    	<gas>
      		<expireSeconds>
       			<min>30</min>
       			<max>31</max>
      		</expireSeconds>
      		<blockTurretTracking>true</blockTurretTracking>
      		<accuracyPenalty>0.5</accuracyPenalty>
      		<rotationSpeed>10</rotationSpeed>
    	</gas>
		<thingClass>USToxins.USStinkrootGas</thingClass>
  	</ThingDef>
  
  <!-- Gas Hediff -->
  
    <HediffDef>
  		<defName>HED_USStinkRootGas</defName>
    	<hediffClass>HediffWithComps</hediffClass>
    	<label>Stinkroot gas effect</label>
		<description>Stinkroot gas effect</description>
    	<defaultLabelColor>(1,0,0.5)</defaultLabelColor>
    	<scenarioCanAdd>true</scenarioCanAdd>
    	<maxSeverity>3.0</maxSeverity>
		<isBad>false</isBad>
    	<comps>
    		<li Class="HediffCompProperties_SeverityPerDay">
        		<severityPerDay>-0.95</severityPerDay>
      		</li>
			<li Class="HediffCompProperties_Immunizable">
				<severityPerDayNotImmune>0.00</severityPerDayNotImmune>
			</li>
    	</comps>
		<stages>
		<!-- 0 -->
		<li>
			<socialFightChanceFactor>1.1</socialFightChanceFactor>
			<statOffsets>
				<PsychicSensitivity>+0.03</PsychicSensitivity>
			</statOffsets>
			<capMods>
			<li>
				<capacity>Consciousness</capacity>
            		<offset>-0.02</offset>
			</li>
          	<li>
            		<capacity>Moving</capacity>
            		<offset>-0.02</offset>
          	</li>
			<li>
            		<capacity>Breathing</capacity>
            		<offset>-0.02</offset>
          	</li>
           <li>
            		<capacity>Metabolism</capacity>
            		<offset>0.01</offset>
          </li>
			</capMods>
		</li>
		<!-- 0.5 -->
		<li>
			<minSeverity>0.5</minSeverity>
			<socialFightChanceFactor>1.2</socialFightChanceFactor>
			<statOffsets>
				<PsychicSensitivity>+0.05</PsychicSensitivity>
			</statOffsets>
			<capMods>
			<li>
				<capacity>Consciousness</capacity>
            		<offset>-0.03</offset>
			</li>
          	<li>
            		<capacity>Moving</capacity>
            		<offset>-0.03</offset>
          	</li>
			<li>
            		<capacity>Breathing</capacity>
            		<offset>-0.03</offset>
          	</li>
           <li>
            		<capacity>Metabolism</capacity>
            		<offset>0.01</offset>
          </li>
			</capMods>
		</li>
		<!-- 1.0 -->
		<li>
			<minSeverity>1.0</minSeverity>
			<socialFightChanceFactor>1.5</socialFightChanceFactor>
			<statOffsets>
				<PsychicSensitivity>+0.1</PsychicSensitivity>
			</statOffsets>
			<capMods>
			<li>
				<capacity>Consciousness</capacity>
            		<offset>-0.05</offset>
			</li>
          	<li>
            		<capacity>Moving</capacity>
            		<offset>-0.05</offset>
          	</li>
			<li>
            		<capacity>Breathing</capacity>
            		<offset>-0.05</offset>
          	</li>
           <li>
            		<capacity>Metabolism</capacity>
            		<offset>0.02</offset>
          </li>
			</capMods>
		</li>
		<!-- 1.5 -->
		<li>
			<minSeverity>1.5</minSeverity>
			<socialFightChanceFactor>1.7</socialFightChanceFactor>
			<statOffsets>
				<PsychicSensitivity>+0.15</PsychicSensitivity>
			</statOffsets>
			<capMods>
			<li>
				<capacity>Consciousness</capacity>
            		<offset>-0.08</offset>
			</li>
          	<li>
            		<capacity>Moving</capacity>
            		<offset>-0.08</offset>
          	</li>
			<li>
            		<capacity>Breathing</capacity>
            		<offset>-0.08</offset>
          	</li>
           <li>
            		<capacity>Metabolism</capacity>
            		<offset>0.03</offset>
          </li>
			</capMods>
		</li>
		<!-- 2.0 -->
		<li>
			<minSeverity>2.0</minSeverity>
			<socialFightChanceFactor>2.0</socialFightChanceFactor>
			<statOffsets>
				<PsychicSensitivity>+0.25</PsychicSensitivity>
			</statOffsets>
			<capMods>
			<li>
				<capacity>Consciousness</capacity>
            		<offset>-0.12</offset>
			</li>
          	<li>
            		<capacity>Moving</capacity>
            		<offset>-0.12</offset>
          	</li>
			<li>
            		<capacity>Breathing</capacity>
            		<offset>-0.12</offset>
          	</li>
           <li>
            		<capacity>Metabolism</capacity>
            		<offset>0.05</offset>
          </li>
			</capMods>
		</li>
     </stages>
  </HediffDef>
  
    <ThoughtDef>
    	<defName>Thought_USStinkRootGas</defName>
    	<workerClass>ThoughtWorker_Hediff</workerClass>
    	<hediff>HED_USStinkRootGas</hediff>
    	<validWhileDespawned>true</validWhileDespawned>
    	<stages>
			<!-- 0 -->
      		<li>
        			<label>Stinkroot Gas</label>
        				<description>Stinkroot gas makes me feel groggy</description>
        				<baseMoodEffect>-1</baseMoodEffect>
      		</li>
			<!-- 0.5 -->
			 <li>
        			<label>Stinkroot Gas</label>
        				<description>Stinkroot gas makes me feel groggy</description>
        				<baseMoodEffect>-2</baseMoodEffect>
      		</li>
			<!-- 1.0 -->
			<li>
        			<label>Stinkroot Gas</label>
        				<description>Stinkroot gas makes me feel groggy</description>
        				<baseMoodEffect>-3</baseMoodEffect>
      		</li>
			<!-- 1.5 -->
			<li>
        			<label>Stinkroot Gas</label>
        				<description>Stinkroot gives me a headache</description>
        				<baseMoodEffect>-5</baseMoodEffect>
      		</li>
			<!-- 2.0 -->
			<li>
        				<label>Stinkroot Gas</label>
        				<description>Stinkroot gives me a migraine</description>
        				<baseMoodEffect>-8</baseMoodEffect>
      		</li>
    	</stages>
  	</ThoughtDef>
  
  	<!-- Animals can flee Stinkroot -->
  
  	<ThinkTreeDef>
    	<defName>USStinkRoot_AnimalsFlee</defName>
    	<insertTag>Animal_PreMain</insertTag>
    	<insertPriority>100</insertPriority>
		<thinkRoot Class="USToxins.ThinkNode_USIFAnimalHasClarity">
		<subNodes>
			<li Class="ThinkNode_Priority">
				<subNodes>
					<li Class="USToxins.JobGiver_USStinkrootAnimalFlee" />
				</subNodes>
			</li>
		</subNodes>
    	</thinkRoot>
	</ThinkTreeDef>
  
</Defs>
